Date,Name,Year,Letterboxd URI
2025-01-01,The Shawshank Redemption,1994,https://boxd.it/2aHi
2025-01-01,Spider-Man: Into the Spider-Verse,2018,https://boxd.it/azpY
2025-01-01,Fight Club,1999,https://boxd.it/2a9q
2025-01-01,Good Will Hunting,1997,https://boxd.it/2ahY
2025-01-01,Kung Fu Panda,2008,https://boxd.it/1Yws
2025-01-01,Finding Nemo,2003,https://boxd.it/72i
2025-01-01,The Matrix,1999,https://boxd.it/2a1m
2025-01-01,The Lion King,1994,https://boxd.it/201Q
2025-01-01,Up,2009,https://boxd.it/1OEc
2025-01-01,Toy Story,1995,https://boxd.it/29qA
2025-01-01,The Shining,1980,https://boxd.it/29Nu
2025-01-01,The Dark Knight,2008,https://boxd.it/2b0k
2025-01-01,Ratatouille,2007,https://boxd.it/27ww
2025-01-01,La La Land,2016,https://boxd.it/a5fa
2025-01-01,The Avengers,2012,https://boxd.it/1xFW
2025-01-01,Everything Everywhere All at Once,2022,https://boxd.it/jUk4
2025-01-01,Forrest Gump,1994,https://boxd.it/728
2025-01-01,Parasite,2019,https://boxd.it/hTha
2025-01-01,Home Alone,1990,https://boxd.it/29Fg
2025-01-01,Shrek,2001,https://boxd.it/29zi
2025-01-01,The Breakfast Club,1985,https://boxd.it/27q4
2025-01-01,The Intouchables,2011,https://boxd.it/2FT0
2025-01-01,Rush Hour,1998,https://boxd.it/27pU
2025-01-01,Inception,2010,https://boxd.it/1skk
2025-01-01,Die Hard,1988,https://boxd.it/2a7u
2025-01-01,The Lord of the Rings: The Fellowship of the Ring,2001,https://boxd.it/2b5O
2025-01-01,The King's Speech,2010,https://boxd.it/dX0
2025-01-01,WALL·E,2008,https://boxd.it/1VEo
2025-01-01,Barbie,2023,https://boxd.it/bCLK
2025-01-01,The Terminal,2004,https://boxd.it/2a2O
2025-01-01,Inglourious Basterds,2009,https://boxd.it/1JzG
2025-01-01,The Lego Movie,2014,https://boxd.it/4pDO
2025-01-01,The Fast and the Furious,2001,https://boxd.it/1XMu
2025-01-01,Pirates of the Caribbean: The Curse of the Black Pearl,2003,https://boxd.it/70G
2025-01-01,Pitch Perfect,2012,https://boxd.it/3OsE
2025-01-01,Legally Blonde,2001,https://boxd.it/1ZNa
2025-01-01,Top Gun: Maverick,2022,https://boxd.it/cjr4
2025-01-01,Elf,2003,https://boxd.it/1VyK
2025-01-01,Tangled,2010,https://boxd.it/15gO
2025-01-01,Mulan,1998,https://boxd.it/1VFw
2025-01-01,The Wolf of Wall Street,2013,https://boxd.it/3C1m
2025-01-01,Wicked,2024,https://boxd.it/e8ME
2025-01-06,The Grand Budapest Hotel,2014,https://boxd.it/3ZqO
2025-01-06,Bottoms,2023,https://boxd.it/uGf2
2025-01-18,Hacksaw Ridge,2016,https://boxd.it/azew
2025-01-21,Training Day,2001,https://boxd.it/27A4
2025-01-30,Green Book,2018,https://boxd.it/hErk
2025-02-22,Django Unchained,2012,https://boxd.it/2cCk
2025-04-18,Chef,2014,https://boxd.it/6lCG
2025-04-22,The Intern,2015,https://boxd.it/7AOE
2025-04-29,Mad Max: Fury Road,2015,https://boxd.it/2DjO
