Date,Name,Year,Letterboxd URI
2025-01-01,Shrek,2001,https://boxd.it/29zi
2025-01-01,Home Alone,1990,https://boxd.it/29Fg
2025-01-01,Parasite,2019,https://boxd.it/hTha
2025-01-01,Forrest Gump,1994,https://boxd.it/728
2025-01-01,Scarface,1983,https://boxd.it/2b7g
2025-01-01,Everything Everywhere All at Once,2022,https://boxd.it/jUk4
2025-01-01,The Avengers,2012,https://boxd.it/1xFW
2025-01-01,La La Land,2016,https://boxd.it/a5fa
2025-01-01,Ratatouille,2007,https://boxd.it/27ww
2025-01-01,The Dark Knight,2008,https://boxd.it/2b0k
2025-01-01,The Shining,1980,https://boxd.it/29Nu
2025-01-01,Toy Story,1995,https://boxd.it/29qA
2025-01-01,The Shawshank Redemption,1994,https://boxd.it/2aHi
2025-01-01,Spider-Man: Into the Spider-Verse,2018,https://boxd.it/azpY
2025-01-01,Fight Club,1999,https://boxd.it/2a9q
2025-01-01,Good Will Hunting,1997,https://boxd.it/2ahY
2025-01-01,Kung Fu Panda,2008,https://boxd.it/1Yws
2025-01-01,Finding Nemo,2003,https://boxd.it/72i
2025-01-01,The Matrix,1999,https://boxd.it/2a1m
2025-01-01,The Lion King,1994,https://boxd.it/201Q
2025-01-01,Up,2009,https://boxd.it/1OEc
2025-01-01,The Breakfast Club,1985,https://boxd.it/27q4
2025-01-01,Inside Out,2015,https://boxd.it/4KHC
2025-01-01,The Intouchables,2011,https://boxd.it/2FT0
2025-01-01,Rush Hour,1998,https://boxd.it/27pU
2025-01-01,Inception,2010,https://boxd.it/1skk
2025-01-01,Die Hard,1988,https://boxd.it/2a7u
2025-01-01,The Lord of the Rings: The Fellowship of the Ring,2001,https://boxd.it/2b5O
2025-01-01,Drive,2011,https://boxd.it/IG
2025-01-01,The King's Speech,2010,https://boxd.it/dX0
2025-01-01,WALL·E,2008,https://boxd.it/1VEo
2025-01-01,Barbie,2023,https://boxd.it/bCLK
2025-01-01,The Terminal,2004,https://boxd.it/2a2O
2025-01-01,Inglourious Basterds,2009,https://boxd.it/1JzG
2025-01-01,The Lego Movie,2014,https://boxd.it/4pDO
2025-01-01,The Fast and the Furious,2001,https://boxd.it/1XMu
2025-01-01,Pirates of the Caribbean: The Curse of the Black Pearl,2003,https://boxd.it/70G
2025-01-01,Pitch Perfect,2012,https://boxd.it/3OsE
2025-01-01,Legally Blonde,2001,https://boxd.it/1ZNa
2025-01-01,Top Gun: Maverick,2022,https://boxd.it/cjr4
2025-01-01,Elf,2003,https://boxd.it/1VyK
2025-01-01,Tangled,2010,https://boxd.it/15gO
2025-01-01,Mulan,1998,https://boxd.it/1VFw
2025-01-01,The Wolf of Wall Street,2013,https://boxd.it/3C1m
2025-01-01,Wicked,2024,https://boxd.it/e8ME
2025-01-05,Deadpool & Wolverine,2024,https://boxd.it/jq8s
2025-01-06,Sunshine,2007,https://boxd.it/28Xy
2025-01-06,The Grand Budapest Hotel,2014,https://boxd.it/3ZqO
2025-01-06,Challengers,2024,https://boxd.it/zld0
2025-01-06,Paddington 2,2017,https://boxd.it/bCF8
2025-01-06,Knives Out,2019,https://boxd.it/jWEA
2025-01-06,Anyone But You,2023,https://boxd.it/EzA8
2025-01-06,Bottoms,2023,https://boxd.it/uGf2
2025-01-06,Bullet Train,2022,https://boxd.it/qW26
2025-01-06,No Hard Feelings,2023,https://boxd.it/xouu
2025-01-06,John Wick,2014,https://boxd.it/7dEc
2025-01-18,Hacksaw Ridge,2016,https://boxd.it/azew
2025-01-21,Training Day,2001,https://boxd.it/27A4
2025-01-30,Green Book,2018,https://boxd.it/hErk
2025-02-02,Uncut Gems,2019,https://boxd.it/gXGc
2025-02-02,The Lincoln Lawyer,2011,https://boxd.it/DRM
2025-02-16,Coach Carter,2005,https://boxd.it/218e
2025-02-22,Django Unchained,2012,https://boxd.it/2cCk
2025-02-23,The Gorge,2025,https://boxd.it/zRqK
2025-02-24,Reservoir Dogs,1992,https://boxd.it/2agc
2025-02-26,A Complete Unknown,2024,https://boxd.it/oBYa
2025-02-27,Ne Zha,2019,https://boxd.it/mKSm
2025-03-07,Sicario,2015,https://boxd.it/8i7u
2025-03-07,Anora,2024,https://boxd.it/Egcw
2025-03-08,The Imitation Game,2014,https://boxd.it/6aig
2025-03-10,We Were Young,1961,https://boxd.it/dD92
2025-03-18,Hidden Figures,2016,https://boxd.it/dgS4
2025-03-20,Black Panther: Wakanda Forever,2022,https://boxd.it/igPu
2025-03-23,The Bourne Identity,2002,https://boxd.it/26EO
2025-03-29,Interstellar,2014,https://boxd.it/4VZ8
2025-04-08,The Martian,2015,https://boxd.it/8SeG
2025-04-12,Pulp Fiction,1994,https://boxd.it/29Pq
2025-04-13,Rush,2013,https://boxd.it/3lyS
2025-04-18,Chef,2014,https://boxd.it/6lCG
2025-04-19,Oppenheimer,2023,https://boxd.it/wUow
2025-04-20,Dune,2021,https://boxd.it/fA7G
2025-04-22,Dune: Part Two,2024,https://boxd.it/pUfA
2025-04-22,The Devil Wears Prada,2006,https://boxd.it/2awE
2025-04-22,The Intern,2015,https://boxd.it/7AOE
2025-04-29,Mad Max: Fury Road,2015,https://boxd.it/2DjO
2025-05-01,Bumblebee,2018,https://boxd.it/f21O
2025-05-05,Ford v Ferrari,2019,https://boxd.it/ce74
2025-05-17,Sing Sing,2023,https://boxd.it/HIBA
2025-05-21,Fantastic Mr. Fox,2009,https://boxd.it/1WyQ
2025-05-27,A Minecraft Movie,2025,https://boxd.it/zRro
2025-05-27,Coneheads,1993,https://boxd.it/1YeS
2025-06-01,The Nice Guys,2016,https://boxd.it/94Hg
2025-06-07,Sinners,2025,https://boxd.it/KQMM
2025-07-01,Thunderbolts*,2025,https://boxd.it/BfbQ
2025-07-06,Transformers One,2024,https://boxd.it/q7bc
2025-07-20,Superman,2025,https://boxd.it/E9IU
